Number of threads	Time in sec	Speedup
0	18.6405	1
1	18.7131	0.99612036487808
2	9.50878	1.96034612221547
3	6.33192	2.94389379524694
4	4.75096	3.92352282486066
5	3.9089	4.76873289160633
6	3.30064	5.64754108294149
7	2.85711	6.52425002887533
8	2.5295	7.36924293338604
9	2.64349	7.0514736201007
10	2.73564	6.81394481730052
11	2.58801	7.2026383205629
12	2.69102	6.92692733610304
13	2.5709	7.2505737290443
14	2.56379	7.27068129604999
15	2.53856	7.34294245556536
16	2.52465	7.38339967916345
